p,ford,fI,fII
10001209,1416,166,70
10001401,1788,210,88
10001569,1428,158,80
10001881,1620,185,85
10003561,1908,206,112
10003681,1770,199,96
10003729,2088,244,104
10004521,2070,239,106
10005241,2196,252,114
10005361,1470,163,82
10005601,1320,151,69
10006201,1122,127,60
10008769,1158,134,59
10009609,1050,119,56
10009729,1716,206,80
10010281,1650,190,85
10010401,1812,201,101
10011121,1320,154,66
10011289,1866,217,94
10011961,1224,140,64
10012921,1278,148,65
10013761,1116,126,60
10014481,1752,196,96
10015009,1434,171,68
10015321,1896,201,115
10015609,1686,185,96
10016329,1836,224,82
10016521,1584,178,86
10017169,2196,247,119
10017289,1464,183,61
10017361,1542,173,84
10017529,1488,174,74
10017841,1236,131,75
10017961,2334,286,103
10018201,1758,207,86
10018969,1182,125,72
10019041,1740,215,75
10019689,1368,160,68
10020889,2022,229,108
10022041,1542,181,76
10022161,1530,174,81
10023001,1656,185,91
10023049,1086,122,59
10023889,1374,154,75
10024009,1806,204,97
10024249,1326,147,74
10025569,1746,208,83
10026241,1188,138,60
10026409,1752,182,110
10027081,1086,126,55
10027249,1812,192,110
10027921,1464,178,66
10028041,1398,155,78
10028209,1362,156,71
10028449,2028,247,91
10028881,1890,224,91
10029049,1716,200,86
10031809,2004,229,105
10032241,2124,251,103
10032481,1470,170,75
10033321,1302,148,69
10034161,1404,160,74
10034329,1698,205,78
10034809,1362,169,58
10034929,1392,174,58
10035169,1080,123,57
10035601,1710,191,94
10037449,2082,243,104
10038001,1536,174,82
10038841,1464,168,76
10039801,1344,145,79
10039969,1236,141,65
10040521,1488,172,76
10040689,1632,199,73
10040809,1584,175,89
10040881,1722,203,84
10041529,1776,218,78
10041649,1356,145,81
10042321,1374,166,63
10042489,1950,223,102
10043041,1428,180,58
10043329,1860,190,120
10043569,1884,204,110
10045081,1398,162,71
10046401,1374,145,84
10046689,1362,148,79
10047241,1344,167,57
10047769,1500,170,80
10048081,1320,148,72
10048249,1386,172,59
10049041,1392,164,68
10049449,1422,173,64
10049929,1962,219,108
10050049,1668,187,91
10050721,1656,184,92
10050769,1428,166,72
10050889,1536,183,73
10051441,798,90,43
10051729,1362,164,63
10051801,1728,192,96
10053289,1116,132,54
10053481,1698,180,103
10053649,1086,129,52
10053961,1338,150,73
10054321,2016,233,103
10054921,1650,192,83
10055329,1632,183,89
10056001,1344,170,54
10056601,1230,116,89
10056769,2196,252,114
10056841,1752,200,92
10057849,1890,227,88
10059001,1320,151,69
10059961,1914,206,113
10060009,1518,177,76
10060801,1506,172,79
10061041,1110,122,63
10061209,2106,250,101
10061881,1590,181,84
10062361,1446,155,86
10062889,1596,192,74
10064569,2070,245,100
10065409,1686,179,102
10065721,1692,191,91
10065841,1440,160,80
10065889,1758,196,97
10066009,1698,192,91
10066081,1710,184,101
10066681,1350,159,66
10066921,2202,256,111
10068361,1518,178,75
10069369,2118,248,105
10069441,1758,203,90
10070449,1512,159,93
10071601,1014,105,64
10071889,1614,195,74
10072129,1764,214,80
10072561,1656,189,87
10072609,1404,154,80
10072729,1770,214,81
10072969,1572,178,84
10073281,1482,163,84
10073449,1476,168,78
10074241,1368,169,59
10074409,1320,151,69
10074481,1932,204,118
10075129,1290,149,66
10075921,1758,209,84
10076161,1746,209,82
10076329,1710,180,105
10076809,1458,156,87
10077649,1632,182,90
10078489,1566,167,94
10078681,2226,251,120
10079449,1752,195,97
10080289,1482,154,93
10080529,2016,225,111
10081681,1566,178,83
10081801,1368,168,60
10081849,1740,187,103
10083049,1752,183,109
10084369,1392,163,69
10084561,1458,153,90
10085161,1458,167,76
10085329,1980,232,98
10086001,1326,153,68
10086841,2022,246,91
10086889,1722,188,99
10087009,1026,129,42
10087921,1518,172,81
10088569,1992,239,93
10088761,1644,191,83
10089529,1650,185,90
10090369,1650,196,79
10090441,1236,138,68
10090609,1416,168,68
10093129,2238,261,112
10093441,1590,178,87
10093561,1488,159,89
10094281,1722,193,94
10094449,1530,174,81
10095409,1278,133,80
10095649,1704,194,90
10095961,1788,201,97
10096081,1644,189,85
10096921,1380,155,75
10096969,1746,208,83
10097089,1800,211,89
10098169,1254,121,88
10099009,1806,212,89
10099321,1794,189,110
10099681,1272,140,72
10100161,1596,167,99
10100449,1776,215,81
10100689,1866,210,101
10101361,1434,163,76
10102009,1464,172,72
10102201,1944,211,113
10102849,1374,138,91
10102969,1530,175,80
10103521,1206,138,63
10103641,1404,164,70
10105489,996,106,60
10106401,2142,248,109
10106881,1566,185,76
10107001,1200,136,64
10107169,2208,277,91
10107841,1686,194,87
10109521,1398,177,56
10109929,1800,207,93
10111081,1770,204,91
10111369,1698,188,95
10111609,1416,156,80
10112041,1530,169,86
10112209,1980,224,106
10112449,1182,136,61
10112761,1494,192,57
10112881,1380,143,87
10113049,1458,166,77
10113121,1818,208,95
10113289,1854,210,99
10113769,1962,217,110
10114129,1368,156,72
10114561,1542,181,76
10116409,1584,187,77
10117321,1632,173,99
10117801,1218,139,64
10118929,2016,239,97
10119601,2088,254,94
10119649,1302,153,64
10119841,1314,133,86
10120441,1548,178,80
10120489,1476,173,73
10121161,1734,208,81
10121329,1548,182,76
10121521,1266,144,67
10122289,1158,134,59
10122529,1992,231,101
10123369,1722,195,92
10123849,1590,181,84
10123969,1350,159,66
10124641,1338,154,69
10124689,1338,140,83
10125649,1182,130,67
10125721,1524,179,75
10126201,1530,171,84
10126321,1818,214,89
10126561,1014,105,64
10126729,1980,218,112
10127329,1482,177,70
10128409,1674,193,86
10128721,1410,155,80
10128841,1584,185,79
10129081,1920,222,98
10129849,1410,151,84
10130089,1938,225,98
10131361,1710,207,78
10131529,1194,147,52
10131601,1422,173,64
10132609,1488,172,76
10132921,1980,237,93
10134721,1128,128,60
10134769,1632,192,80
10135969,1458,152,91
10136281,1326,159,62
10136449,1560,183,77
10137481,1488,158,90
10138129,1620,177,93
10138321,2226,256,115
10138489,2046,238,103
10138801,1386,154,77
10139329,1302,151,66
10139809,1446,168,73
10139929,1776,210,86
10140001,1086,117,64
10140601,1572,175,87
10141489,1734,196,93
10141849,1680,185,95
10142161,1470,169,76
10142449,1920,220,100
10143361,1644,189,85
10143961,1422,156,81
10144369,1644,183,91
10144969,1692,188,94
10146481,1446,183,58
10146529,1860,211,99
10146649,1794,202,97
10147561,1794,202,97
10148041,1680,190,90
10148209,1614,174,95
10148329,1074,124,55
10148401,1626,172,99
10149001,1332,159,63
10149169,2118,241,112
10149721,1500,185,65
10150249,1980,225,105
10150561,1530,170,85
10150681,1410,152,83
10150849,1596,194,72
10151521,1590,187,78
10151689,1680,199,81
10151761,2118,221,132
10151929,1446,151,90
10152529,1590,183,82
10153249,1458,172,71
10154449,2148,271,87
10155601,1032,114,58
10155721,1608,182,86
10155889,1596,170,96
10155961,1386,166,65
10156441,1470,170,75
10156609,1512,169,83
10157281,1272,138,74
10158241,1230,145,60
10158481,1632,196,76
10159801,1512,174,78
10160929,1470,173,72
10161601,1512,177,75
10161649,1236,137,69
10161841,1512,166,86
10162489,1608,187,81
10162609,1614,188,81
10162681,1278,167,46
10163521,1236,146,60
10164169,1458,163,80
10164841,1866,209,102
10165681,1236,143,63
10165801,1608,184,84
10168201,1254,140,69
10168489,2310,259,126
10169041,1296,137,79
10169569,1464,165,79
10169881,1596,182,84
10170049,1674,196,83
10170169,1020,119,51
10170241,930,105,50
10170409,1758,207,86
10170841,1878,231,82
10171081,2094,230,119
10171849,1566,166,95
10173529,1380,177,53
10173601,1050,120,55
10174081,1428,162,76
10174369,2094,234,115
10174921,1398,158,75
10175449,1674,187,92
10175761,1788,217,81
10175881,1224,132,72
10175929,1566,177,84
10176121,1662,204,73
10176601,1740,195,95
10176889,1776,199,97
10177129,2226,270,101
10177561,1830,208,97
10177729,1488,156,92
10177969,1632,190,82
10179241,1482,158,89
10179289,1662,202,75
10180129,1788,194,104
10180249,1524,181,73
10180801,1656,189,87
10180969,1860,216,94
10181761,1974,223,106
10183441,1386,155,76
10183609,1872,224,88
10183681,1326,139,82
10184329,1620,190,80
10185001,1440,171,69
10185289,1434,178,61
10186849,1782,209,88
10187041,1596,186,80
10187209,2130,247,108
10188361,1482,177,70
10188649,1818,209,94
10189369,1608,183,85
10189489,1824,214,90
10190161,1710,192,93
10190569,1536,186,70
10191241,2034,243,96
10191409,2448,285,123
10191889,1572,175,87
10192009,1638,183,90
10192681,1110,120,65
10192729,1848,236,72
10193929,1362,151,76
10194361,1296,153,63
10195201,1674,191,88
10195441,1464,161,83
10196281,1770,203,92
10196761,1446,155,86
10196881,1830,202,103
10196929,1848,225,83
10198609,1284,144,70
10199401,1278,149,64
10199569,1602,194,73
10199641,1140,127,63
10199809,1422,174,63
10200241,1686,202,79
10201129,1314,146,73
10202641,1560,182,78
10202761,2022,233,104
10203001,1272,143,69
10203649,1692,175,107
10204321,1482,158,89
10204609,1842,218,89
10204681,1602,180,87
10205161,2118,240,113
10205449,1512,165,87
10206121,1128,124,64
10206529,1716,204,82
10207201,1536,171,85
10207369,1716,180,106
10207849,1584,191,73
10208689,1764,200,94
10208881,1788,198,100
10209721,2274,268,111
10210561,1596,184,82
10211401,1890,223,92
10212721,1542,170,87
10214089,2076,238,108
10214401,1380,159,71
10214689,1596,177,89
10216441,1224,142,62
10217281,1608,180,88
10217761,1500,171,79
10218889,1410,159,76
10219609,1440,154,86
10220449,1656,180,96
10221481,1572,186,76
10221649,1098,122,61
10221961,1572,198,64
10222081,1146,122,69
10222801,1464,170,74
10223641,1824,208,96
10224649,1818,215,88
10225609,1380,160,70
10226521,2154,244,115
10227121,1746,201,90
10227289,1680,198,82
10227961,1470,159,86
10229209,2118,235,118
10229881,1680,191,89
10230049,1824,209,95
10230529,1746,201,90
10231201,1548,186,72
10232569,2382,262,135
10233049,1404,152,82
10233241,1872,204,108
10233889,1668,189,89
10234921,1416,167,69
10235761,2028,236,102
10236409,1788,182,116
10236769,1374,161,68
10238209,1410,184,51
10238281,1608,188,80
10239601,1092,125,57
10240609,1386,155,76
10241281,1572,188,74
10241401,1806,192,109
10241809,1644,206,68
10242241,1494,156,93
10242289,1848,210,98
10242649,1284,146,68
10242961,864,91,53
10243969,1422,170,67
10244089,1614,185,84
10245601,1422,152,85
10246009,2244,265,109
10246321,1410,165,70
10246441,1884,236,78
10246609,1704,210,74
10246849,2808,330,138
10248361,1620,172,98
10248529,1548,180,78
10249009,966,110,51
10249201,1632,192,80
10249801,1170,143,52
10250209,1812,213,89
10250521,1548,171,87
10251361,1746,197,94
10251481,1830,199,106
10251649,1590,197,68
10251889,1854,219,90
10252321,1194,126,73
10252729,1440,166,74
10253161,1200,151,49
10253209,1434,153,86
10253401,1692,180,102
10253569,1770,190,105
10254001,1128,132,56
10254241,1908,214,104
10254841,1380,163,67
10255249,1158,133,60
10255681,1986,216,115
10256089,1848,207,101
10256569,1878,228,85
10257361,1458,164,79
10257529,1422,154,83
10258249,1302,146,71
10258921,1482,165,82
10259281,1464,178,66
10259761,1566,184,77
10260769,1842,208,99
10261129,1866,211,100
10261561,1734,203,86
10261609,2016,231,105
10262281,1464,167,77
10262449,2052,224,118
10262569,1260,148,62
10263481,1614,184,85
10263961,1374,153,76
10264081,1434,144,95
10264489,1128,131,57
10265641,1254,137,72
10265809,1368,162,66
10266169,1248,133,75
10266481,1500,161,89
10268689,1770,200,95
10269001,1572,179,83
10269169,1308,159,59
10269529,1548,155,103
10270009,1536,174,82
10270129,1482,161,86
10270681,1458,169,74
10270969,1530,182,73
10271809,1128,129,59
10272481,2118,255,98
10272529,1392,170,62
10273201,1404,156,78
10273489,2328,277,111
10274161,1764,202,92
10274401,1686,186,95
10275241,1536,174,82
10276081,1476,148,98
10276249,1080,128,52
10276681,1902,202,115
10276921,1542,176,81
10277569,1542,166,91
10277929,1614,186,83
10278361,1494,185,64
10280041,1878,212,101
10280089,1716,194,92
10280929,1404,142,92
10281121,2106,243,108
10281289,1626,183,88
10282609,2208,242,126
10283401,2004,245,89
10283809,1890,202,113
10284649,1602,177,90
10285801,1566,182,79
10285921,1914,233,86
10286161,1608,192,76
10286641,1572,176,86
10287001,2142,249,108
10287481,1356,152,74
10289161,1224,123,81
10289329,1878,222,91
10289449,1542,179,78
10289689,1488,179,69
10290121,1278,128,85
10290169,1986,219,112
10290529,1968,223,105
10291129,1614,189,80
10292521,1476,175,71
10292881,1164,134,60
10293529,1326,154,67
10293889,1860,216,94
10294369,1500,161,89
10294489,1800,221,79
10294729,1392,155,77
10295161,2166,241,120
10296001,1284,151,63
10296241,1854,203,106
10296409,1890,210,105
10296721,1332,158,64
10297249,1488,162,86
10297849,1146,133,58
10298401,1530,172,83
10298521,1506,176,75
10298689,1644,183,91
10299529,1872,226,86
10300201,1734,192,97
10300369,1542,176,81
10301041,1134,148,41
10301089,1932,226,96
10305241,1728,193,95
10305481,1506,176,75
10306081,1572,184,78
10306249,1890,213,102
10306801,1848,209,99
10307641,1746,198,93
10307761,1386,156,75
10307809,1614,189,80
10308169,1188,135,63
10308769,1536,161,95
10309009,1956,223,103
10310329,1056,132,44
10311841,1218,140,63
10312681,1632,186,86
10313521,1404,153,81
10314361,1638,199,74
10315369,1656,196,80
10315729,2256,273,103
10316881,1548,178,80
10317169,1596,179,87
10317841,1284,155,59
10318249,2388,263,135
10318681,1614,194,75
10319521,1626,181,90
10319761,1098,115,68
10320361,1392,154,78
10320601,1152,134,58
10320769,1614,171,98
10321249,1578,192,71
10322041,1218,137,66
10323721,1608,182,86
10323889,1626,176,95
10324129,1734,206,83
10324969,1440,161,79
10325281,1380,146,84
10325401,1464,162,82
10326409,1974,218,111
10326961,1446,166,75
10327129,2184,270,94
10327249,1164,123,71
10327321,1116,117,69
10327489,1698,189,94
10327969,1218,147,56
10328161,1998,226,107
10329769,1560,177,83
10330009,1734,195,94
10330321,876,109,37
10330609,1320,144,76
10331521,1758,206,87
10331689,1680,195,85
10332529,1506,175,76
10332841,1650,189,86
10333801,1344,150,74
10334041,1470,169,76
10334209,1398,172,61
10334881,1788,211,87
10335361,1188,137,61
10335529,1728,181,107
10336201,1878,223,90
10336321,1152,145,47
10336369,1650,199,76
10336489,1158,136,57
10337209,1482,158,89
10338001,1770,201,94
10338049,1488,159,89
10338169,1632,189,83
10338241,1632,186,86
10338409,1686,198,83
10338721,1728,194,94
10339729,1578,178,85
10340089,1542,177,80
10340689,2010,244,91
10341361,1830,207,98
10342081,1302,144,73
10342369,1578,190,73
10342921,1368,150,78
10343761,1440,163,77
10344289,2280,264,116
10344601,1338,155,68
10345609,1620,187,83
10346641,2208,270,98
10347121,1542,160,97
10347409,1998,228,105
10349329,1248,137,71
10349641,1218,142,61
10350601,1464,179,65
10351321,1860,203,107
10351441,1494,164,85
10351681,1848,211,97
10352161,1554,187,72
10352521,1902,218,99
10352689,1758,197,96
10353001,2268,256,122
10353121,822,85,52
10353529,1338,145,78
10354009,1878,215,98
10354801,1560,178,82
10355641,1464,181,63
10355689,1536,171,85
10356361,2106,251,100
10356481,1152,131,61
10356649,1890,225,90
10356721,1560,177,83
10357201,1686,186,95
10357561,2298,250,133
10358041,1386,149,82
10358329,1122,124,63
10359841,2058,236,107
10360081,1272,148,64
10360561,1326,147,74
10360729,1944,233,91
10360849,1932,223,99
10361089,1854,206,103
10361929,2364,272,122
10362361,1782,224,73
10362529,1188,130,68
10362601,1746,203,88
10363609,1416,162,74
10364209,1848,234,74
10365049,1836,224,82
10365721,1776,211,85
10365889,1824,198,106
10366561,1470,167,78
10366801,1884,210,104
10366969,1878,219,94
10367449,1296,155,61
10368649,1512,164,88
10368961,1332,138,84
10369081,1560,184,76
10369129,1248,141,67
10370329,2346,259,132
10370641,1716,212,74
10370809,1626,178,93
10371601,1566,181,80
10371841,1554,173,86
10372009,2358,294,99
10372441,1830,218,87
10372489,1494,166,83
10373521,1572,173,89
10374121,1440,162,78
10374289,1698,198,85
10375129,2154,275,84
10375201,1260,132,78
10375801,1548,186,72
10376209,2124,239,115
10376521,1344,159,65
10376689,1392,148,84
10376881,1746,210,81
10378369,1122,130,57
10379041,2094,242,107
10379209,1608,181,87
10379569,1554,178,81
10380001,960,102,58
10380049,1356,152,74
10381009,1314,152,67
10381081,1962,216,111
10381561,1656,183,93
10381729,1674,207,72
10383361,1458,166,77
10384081,1620,191,79
10384249,1926,226,95
10384369,1506,168,83
10385041,2142,258,99
10385281,1404,168,66
10386601,1428,170,68
10386769,1998,230,103
10388281,1482,184,63
10389241,1410,161,74
10389481,2022,238,99
10389649,2814,325,144
10390129,1416,155,81
10390249,1344,140,84
10391761,1458,160,83
10391809,1440,161,79
10392001,1182,136,61
10392649,1404,151,83
10392769,1494,175,74
10393441,1332,154,68
10393609,1566,188,73
10395001,1146,131,60
10395361,1506,177,74
10395841,1236,137,69
10395961,1428,163,75
10396369,1386,150,81
10396801,1674,203,76
10396849,1386,169,62
10397209,1422,157,80
10397809,1674,190,89
10398721,1590,186,79
10399201,1464,173,71
10399321,1440,166,74
10399369,2058,247,96
10400161,1332,155,67
10400329,1290,134,81
10400881,1614,168,101
10403689,1848,199,109
10403761,1188,139,59
10404241,1452,171,71
10406089,1506,157,94
10406449,1158,142,51
10407601,1176,132,64
10408969,1902,214,103
10409401,1824,212,92
10410121,1548,176,82
10410649,1830,200,105
10411129,1554,160,99
10411321,2196,276,90
10412161,1380,155,75
10412329,1326,154,67
10413841,1296,135,81
10414321,1356,145,81
10414441,1830,221,84
10414609,1704,205,79
10414849,1410,156,79
10415161,1008,115,53
10416169,1680,196,84
10416361,1584,188,76
10417009,1578,162,101
10417201,1452,156,86
10417801,1290,140,75
10417969,1494,168,81
10418041,1752,195,97
10418521,1512,177,75
10418689,1632,186,86
10418809,1308,160,58
10419361,1632,189,83
10419481,2028,242,96
10419649,1542,197,60
10420321,1614,179,90
10421401,2196,245,121
10421569,1758,206,87
10421881,1446,170,71
10423249,1782,198,99
10423849,1800,205,95
10423921,2214,257,112
10424569,1170,138,57
10425361,1566,174,87
10425409,1668,206,72
10426201,1992,231,101
10426249,1668,181,97
10426369,2112,242,110
10427281,1986,238,93
10427761,1818,218,85
10428049,1806,219,82
10428721,1392,172,60
10428961,1062,117,60
10429801,1416,164,72
10430281,1152,134,58
10431961,1284,127,87
10432129,2010,232,103
10432249,1398,166,67
10432921,1722,198,89
10433161,1788,212,86
10433809,1440,156,84
10434649,1470,160,85
10434769,1464,182,62
10435441,1542,159,98
10436161,1590,189,76
10436449,1608,170,98
10436689,1716,190,96
10437169,1824,217,87
10437841,1590,181,84
10439041,1512,178,74
10439641,1284,145,69
10441369,1440,156,84
10441489,1332,148,74
10442209,1818,218,85
10442401,1614,178,91
10443841,1380,158,72
10444009,1284,158,56
10444081,1710,204,81
10444849,1656,187,89
10445401,1674,185,94
10445761,1554,166,93
10446529,1272,139,73
10446769,1818,189,114
10447441,1458,176,67
10448041,1944,227,97
10448281,1548,178,80
10448881,1164,129,65
10449121,1542,168,89
10449961,1902,210,107
10451569,2220,278,92
10451641,1506,178,73
10452121,1458,163,80
10453081,1326,145,76
10453321,1728,190,98
10453801,1416,174,62
10454089,1536,184,72
10454641,1326,155,66
10455001,1938,224,99
10455481,1200,138,62
10455769,1782,202,95
10456321,1548,180,78
10456609,1902,246,71
10457449,1950,242,83
10458529,1602,197,70
10458841,1686,198,83
10459201,1488,161,87
10459849,1368,149,79
10460209,1686,191,90
10460689,1932,211,111
10460809,1566,199,62
10461361,1494,179,70
10461889,1308,148,70
10465249,1254,147,62
10465729,1074,122,57
10465849,1566,181,80
10466089,1686,194,87
10466569,1284,157,57
10466689,1524,165,89
10467241,1374,151,78
10467409,1860,222,88
10468441,1452,162,80
10468609,1902,229,88
10469089,1422,165,72
10470289,1488,168,80
10470721,1554,164,95
10471561,1572,172,90
10471729,1662,208,69
10471801,1290,146,69
10473121,1050,116,59
10473289,2256,261,115
10473961,1482,170,77
10474489,1290,149,66
10474969,2076,250,96
10475089,1308,154,64
10475929,1284,150,64
10476001,2208,244,124
10476601,1650,178,97
10477009,1590,182,83
10477609,1842,196,111
10478161,1290,150,65
10478521,1668,198,80
10479289,1764,210,84
10479961,1608,194,74
10480009,1800,232,68
10480369,1266,140,71
10480681,2046,234,107
10480969,2208,256,112
10481041,2142,244,113
10482049,1908,224,94
10482361,1986,226,105
10482649,1374,157,72
10482721,1746,197,94
10483201,1128,118,70
10483489,1914,232,87
10484161,1560,177,83
10484401,1320,149,71
10484569,2244,248,126
10485721,1074,120,59
10486561,1704,197,87
10486921,1464,170,74
10487089,2040,229,111
10488241,1674,193,86
10488601,1896,228,88
10489201,2064,231,113
10489441,1380,148,82
10490041,1974,227,102
10490089,1788,183,115
10490209,1272,131,81
10490761,1494,176,73
10490881,1764,196,98
10491769,1548,183,75
10491961,1266,146,65
10492441,1794,203,96
10492561,1314,145,74
10493401,1668,177,101
10493449,2076,240,106
10493569,1326,146,75
10494241,1434,165,74
10495249,1812,207,95
10495321,1692,191,91
10495801,1218,138,65
10496329,1746,198,93
10497001,1746,184,107
10497601,1368,147,81
10497649,2040,228,112
10497841,1440,167,73
10498489,1266,144,67
10498681,1488,174,74
10499329,1302,143,74
10499449,1122,121,66
10499521,1428,157,81
10500361,1632,182,90
10501009,1386,168,63
10501201,1734,198,91
10501369,2118,246,107
10502641,1644,196,78
10502689,1968,229,99
10503049,1734,197,92
10503721,2334,290,99
10504489,1824,202,102
10504561,948,109,49
10505401,1068,127,51
10506049,1194,124,75
10506169,1392,153,79
10506841,1524,175,79
10506889,1392,154,78
10507249,1374,161,68
10507561,1278,147,66
10507681,1476,177,69
10508521,1098,121,62
10508761,1608,187,81
10509241,2394,273,126
10511881,1284,146,68
10512049,1302,150,67
10512121,1098,125,58
10512289,1800,204,96
10512721,1830,217,88
10512961,2178,264,99
10513561,1680,189,91
10513969,1626,178,93
10515409,1356,143,83
10515481,1494,162,87
10515649,1494,164,85
10516249,1848,195,113
10516321,1932,216,106
10516801,1518,182,71
10517641,1614,186,83
10518481,1284,138,76
10518601,1254,142,67
10519009,1500,174,76
10519609,1716,190,96
10519849,1878,210,103
10520449,942,111,46
10521001,1308,147,71
10521169,1968,227,101
10521289,1320,157,63
10521361,1788,203,95
10522801,1200,146,54
10523209,2016,232,104
10523641,1842,224,83
10523809,1854,209,100
10523881,1242,136,71
10524049,1764,192,102
10524529,1452,171,71
10525729,1584,179,85
10526161,1572,189,73
10526569,1494,178,71
10526881,1518,171,82
10528081,1572,172,90
10529089,1728,192,96
10529521,1524,183,71
10529569,1800,197,103
10529689,1380,146,84
10530529,1152,130,62
10530601,1440,161,79
10531201,1722,186,101
10531249,1332,158,64
10531369,1878,231,82
10531921,1440,159,81
10532761,2028,238,100
10532881,1920,220,100
10533121,1668,182,96
10533889,1500,161,89
10535809,1626,171,100
10536121,1746,213,78
10536289,1584,181,83
10536649,1422,171,66
10536961,1716,195,91
10537801,1566,181,80
10538089,1668,178,100
10538329,2232,253,119
10539481,1680,200,80
10540489,1710,215,70
10540609,1776,217,79
10541161,1632,183,89
10541449,1590,183,82
10541689,2100,243,107
10542001,1938,225,98
10542361,1518,161,92
10544041,1386,170,61
10545529,1434,168,71
10545721,1572,187,75
10545889,1938,207,116
10548049,1614,183,86
10548169,1236,148,58
10548841,1572,181,81
10549681,1212,138,64
10550401,1260,146,64
10550929,1332,146,76
10551241,1638,196,77
10551529,1818,219,84
10551769,1866,207,104
10553041,1620,180,90
10553281,2028,232,106
10553449,1266,138,73
10554889,1788,216,82
10555561,1254,137,72
10555609,1554,179,80
10555729,2238,240,133
10555969,2046,246,95
10556281,1500,173,77
10556401,1470,165,80
10556569,1440,166,74
10557409,1338,160,63
10557649,1620,200,70
10558489,2052,257,85
10559929,1872,198,114
10560169,1422,157,80
10560481,1332,138,84
10560601,1632,184,88
10560769,2388,267,131
10561609,1218,140,63
10561849,1290,147,68
10562281,1698,196,87
10562521,1398,157,76
10563121,1716,192,94
10564201,1938,211,112
10564681,1932,213,109
10564849,1104,127,57
10565521,1656,178,98
10565641,1128,125,63
10565689,1470,168,77
10566529,1416,169,67
10566649,1956,225,101
10567201,1398,160,73
10567369,1758,192,101
10567561,1716,199,87
10567729,1734,195,94
10568329,1578,185,78
10568401,1920,210,110
10568881,1578,179,84
10569241,1230,136,69
10569721,2208,269,99
10570009,1530,172,83
10570081,1638,186,87
10570249,2064,232,112
10570849,1344,169,55
10570921,1338,150,73
10571521,1662,200,77
10571929,1524,192,62
10572361,2178,256,107
10572409,1452,167,75
10572769,1326,142,79
10573369,1146,120,71
10573441,1596,175,91
10574041,1068,116,62
10574209,1164,135,59
10575121,1950,233,92
10575601,1278,148,65
10576129,1332,149,73
10576609,1890,229,86
10577569,1764,198,96
10578289,1710,190,95
10578961,1776,202,94
10579081,2160,256,104
10579801,1602,185,82
10579969,1296,142,74
10580329,1956,225,101
10580809,1872,221,91
10581169,1890,219,96
10582441,1140,119,71
10582609,1788,198,100
10583161,1476,167,79
10583281,1296,147,69
10583329,1260,143,67
10583449,2478,293,120
10584001,1446,160,81
10584529,1932,225,97
10584841,1668,214,64
10585969,1290,144,71
10586209,1914,218,101
10586689,1350,158,67
10586809,1788,202,96
10587649,1782,202,95
10588729,1950,233,92
10589209,1572,189,73
10589329,1560,191,69
10590841,1686,188,93
10591081,1248,144,64
10591729,2064,245,99
10591849,1368,139,89
10592089,1440,167,73
10592401,1512,157,95
10592521,1026,126,45
10592761,1506,176,75
10592929,1416,163,73
10593361,1644,188,86
10593529,1278,139,74
10594081,972,112,50
10594201,1626,193,78
10594249,1518,164,89
10595041,1794,210,89
10595281,1368,163,65
10595929,1356,150,76
10596121,1764,182,112
10596961,1860,198,112
10597129,1512,159,93
10597729,1572,169,93
10597969,1992,210,122
10598281,1728,197,91
10598449,1074,117,62
10599961,1644,198,76
10600321,1224,134,70
10600969,1584,196,68
10601641,1728,203,85
10602001,1080,121,59
10602649,1494,166,83
10602769,1650,178,97
10603849,1686,202,79
10604161,1572,167,95
10605121,1752,211,81
10605169,1248,133,75
10605289,1686,182,99
10605961,1386,154,77
10606369,2154,243,116
10606801,1812,219,83
10606969,1932,219,103
10607041,1404,160,74
10607521,1242,149,58
10607809,1134,124,65
10608649,2064,239,105
10608721,1962,242,85
10609369,1128,134,54
10610881,1674,193,86
10611241,1512,177,75
10611409,1380,153,77
10613401,1554,178,81
10613521,1140,138,52
10613929,1878,223,90
10615249,1650,188,87
10615921,1704,178,106
10617121,1476,163,83
10617601,1182,127,70
10617769,1878,213,100
10618561,2010,227,108
10618969,1314,143,76
10619641,1500,170,80
10620241,972,106,56
10620289,1350,145,80
10620481,1188,137,61
10621489,1824,206,98
10622641,1848,201,107
10622809,1494,161,88
10623601,1200,136,64
10623649,1566,184,77
10624441,1440,166,74
10624681,1458,161,82
10624849,1272,139,73
10625689,1854,208,101
10626169,1548,167,91
10626361,1182,124,73
10627009,2016,215,121
10627681,1392,160,72
10628041,1488,192,56
10628209,1494,171,78
10628521,1728,195,93
10628641,1392,145,87
10629649,1926,226,95
10630201,1536,174,82
10631041,1368,152,76
10631161,1716,207,79
10632409,2064,242,102
10633009,1782,202,95
10633081,2250,240,135
10633729,1584,171,93
10633921,1674,184,95
10635409,1392,157,75
10635529,1584,169,95
10636081,1710,201,84
10636921,1536,176,80
10637041,1734,196,93
10637089,1194,141,58
10637449,1170,123,72
10638049,2178,268,95
10638601,1242,145,62
10638769,1608,192,76
10638961,1398,156,77
10639129,1722,204,83
10639561,1458,152,91
10639729,1572,172,90
10640281,1584,172,92
10640449,1668,193,85
10640569,1740,203,87
10642081,1488,167,81
10642129,918,94,59
10642249,2100,247,103
10643329,2022,244,93
10643929,1632,169,103
10644001,1626,181,90
10645321,1554,173,86
10645441,1404,157,77
10645489,1770,193,102
10646281,1686,197,84
10646329,1566,171,90
10647361,1668,193,85
10647529,1272,126,86
10648201,1680,201,79
10648801,1158,132,61
10648849,1506,169,82
10650049,1386,153,78
10650889,1542,193,64
10652209,1578,172,91
10652881,1932,227,95
10654009,1974,238,91
10654081,1602,187,80
10654249,1692,184,98
10654561,1290,154,61
10654729,1824,229,75
10654921,1362,169,58
10655521,1770,210,85
10655569,1638,183,90
10656241,1620,196,74
10656361,1224,132,72
10658209,918,95,58
10659769,1416,156,80
10660129,2100,252,98
10660561,1524,180,74
10661281,1512,176,76
10661401,1074,133,46
10661449,1626,195,76
10661569,1320,161,59
10662241,2196,273,93
10662649,1812,201,101
10663801,1596,174,92
10664761,1782,207,90
10664809,1326,159,62
10665769,1098,133,50
10666441,2172,233,129
10666609,2232,260,112
10667521,1302,151,66
10668169,1620,187,83
10668289,1512,176,76
10669369,1668,202,76
10669969,1482,157,90
10670809,2298,265,118
10671049,1398,149,84
10671481,1692,204,78
10672201,1182,129,68
10672369,2070,249,96
10672489,1254,134,75
10673401,1710,182,103
10673881,1518,171,82
10674841,1956,239,87
10675681,1584,179,85
10675849,1680,189,91
10675921,1416,147,89
10676401,1722,203,84
10676569,1632,202,70
10677769,1476,168,78
10678609,1542,178,79
10679041,1518,162,91
10680889,1854,227,82
10681441,1176,127,69
10681969,1350,148,77
10682641,1908,237,81
10682809,1848,196,112
10685089,1698,196,87
10685329,1602,175,92
10685641,1536,174,82
10686601,1686,206,75
10687009,1782,205,92
10687489,1914,218,101
10687681,1344,144,80
10688281,1800,208,92
10689841,2178,255,108
10689961,1650,178,97
10691809,1752,206,86
10691881,1350,138,87
10692049,1152,129,63
10692361,1500,178,72
10693201,1410,151,84
10694161,1434,162,77
10694209,1344,145,79
10695049,1458,168,75
10695169,1386,163,68
10696249,1224,141,63
10696681,1740,210,80
10696729,1824,208,96
10696849,1308,164,54
10697521,1446,153,88
10699201,1944,234,90
10699609,1584,178,86
10699921,1530,184,71
10700281,1620,186,84
10701121,1896,208,108
10701961,1260,139,71
10702441,1182,135,62
10702561,1176,133,63
10702609,1464,165,79
10702969,1860,209,101
10703281,1572,178,84
10705129,1854,203,106
10705489,1836,210,96
10706809,1290,157,58
10707769,1734,190,99
10708681,1644,177,97
10709689,1704,195,89
10710001,1158,138,55
10710121,1944,210,114
10710169,1620,171,99
10710361,1320,156,64
10710961,1956,226,100
10711009,1098,126,57
10711369,1434,163,76
10711681,1656,182,94
10712809,1842,193,114
10713361,1722,206,81
10713481,1248,143,65
10714729,1446,172,69
10715161,1398,158,75
10715329,1428,164,74
10715569,2022,247,90
10716169,1440,171,69
10716241,1752,202,90
10716721,1770,190,105
10716889,1848,199,109
10717249,1566,181,80
10717561,2112,237,115
10718401,1560,184,76
10718689,1560,183,77
10718761,1068,114,64
10719601,1476,174,72
10720249,1920,220,100
10721041,1140,137,53
10721089,1224,137,67
10721761,1650,194,81
10721881,1200,125,75
10722769,1632,196,76
10722889,1434,163,76
10722961,1698,205,78
10723441,1236,142,64
10723561,1500,162,88
10724641,1626,161,110
10725409,1590,192,73
10725961,1350,145,80
10726129,1974,218,111
10726249,2190,264,101
10727329,1998,243,90
10727641,1398,170,63
10727809,1422,150,87
10727929,1374,159,70
10728169,1482,160,87
10728481,1260,137,73
10730329,1728,198,90
10731121,1674,196,83
10731529,1668,200,78
10731841,1680,194,86
10732009,1938,256,67
10732369,1620,185,85
10732681,1758,204,89
10732801,1362,145,82
10733209,1782,212,85
10734049,1686,190,91
10735201,1326,151,70
10735489,2022,239,98
10735729,996,108,58
10736161,1512,178,74
10736569,1554,182,77
10737409,1806,204,97
10738561,1800,195,105
10738681,1962,224,103
10738921,1752,204,88
10739569,1068,121,57
10740361,1452,156,86
10741921,1368,149,79
10742881,1914,223,96
10743961,2256,254,122
10744441,1680,188,92
10745641,1212,128,74
10746649,1812,212,90
10747489,1212,140,62
10747801,1218,140,63
10747921,1734,211,78
10748161,1746,198,93
10748809,1932,220,102
10749001,1890,194,121
10749601,1656,198,78
10750009,1536,169,87
10750489,1512,184,68
10751329,1752,212,80
10752121,1818,213,90
10752529,1764,202,92
10752961,1758,201,92
10753201,1674,172,107
10753681,1068,126,52
10754641,1662,189,88
10755361,1584,180,84
10755889,1644,181,93
10756729,1320,131,89
10757161,1518,167,86
10757881,1284,147,67
10758049,1074,128,51
10758169,2148,267,91
10758721,1260,135,75
10760089,1914,196,123
10760569,1692,201,81
10761409,1158,126,67
10761529,1272,138,74
10761601,1740,196,94
10763209,1668,186,92
10763281,1416,150,86
10764049,1674,183,96
10764601,1596,179,87
10764889,1476,160,86
10765129,1146,134,57
10765969,1374,158,71
10766401,1452,169,73
10767121,1140,123,67
10768249,1626,189,82
10769809,1836,233,73
10770649,1902,225,92
10771009,1734,213,76
10771681,1914,229,90
10772329,2166,248,113
10773289,1776,199,97
10774009,1194,132,67
10774129,1854,230,79
10774201,1356,156,70
10774681,1164,130,64
10774849,1896,222,94
10774969,2346,287,104
10775041,1698,205,78
10775881,1314,142,77
10776529,1488,167,81
10776889,1644,201,73
10777321,1194,141,58
10777369,1284,151,63
10777561,1506,168,83
10778161,1320,144,76
10778569,1962,221,106
10779049,1728,205,83
10779169,1476,166,80
10779841,1644,192,82
10779889,1524,153,101
10781761,1446,155,86
10781929,1404,153,81
10782241,1560,179,81
10782529,1650,185,90
10782601,2076,235,111
10783081,1020,119,51
10783921,1530,181,74
10785289,1686,186,95
10788241,1476,170,76
10788649,1680,194,86
10789081,1698,201,82
10789249,1236,132,74
10791169,1254,155,54
10791769,1692,175,107
10791841,1854,218,91
10792489,1980,221,109
10793689,1116,125,61
10794001,1242,155,52
10794529,1470,164,81
10794841,1794,192,107
10794961,1320,158,62
10795201,1614,189,80
10795849,1086,124,57
10796209,1776,213,83
10796641,1356,159,67
10796809,1224,126,78
10796881,2016,221,115
10798321,1644,188,86
10798729,2202,240,127
10799161,1506,194,57
10799209,1770,213,82
10800241,1374,154,75
10800841,1632,205,67
10801009,2118,246,107
10801249,1620,181,89
10801561,1062,122,55
10802401,1464,161,83
10802521,1890,212,103
10802929,1440,167,73
10803601,1386,165,66
10804081,1482,172,75
10804249,1368,151,77
10805089,1296,135,81
10805209,1362,153,74
10806721,1794,196,103
10806769,1542,179,78
10807129,1326,150,71
10807609,1752,207,85
10807729,900,108,42
10808569,1842,226,81
10809961,1698,175,108
10810321,1356,151,75
10810489,1770,203,92
10811089,1404,167,67
10811161,1446,159,82
10811761,1284,134,80
10812481,1722,189,98
10813681,1662,196,81
10814281,1458,167,76
10814449,2016,228,108
10814521,1278,142,71
10815529,1638,182,91
10816129,1284,133,81
10816849,1146,126,65
10817041,1272,145,67
10817689,1482,174,73
10817881,1752,197,95
10818361,1272,155,57
10818481,1974,216,113
10818529,1554,175,84
10819201,1866,209,102
10819321,1698,199,84
10819489,1710,200,85
10820401,1614,187,82
10820569,1470,167,78
10820881,1428,170,68
10821001,1410,157,78
10821049,1692,190,92
10821409,1482,158,89
10822561,1380,142,88
10823569,1380,150,80
10824409,1974,231,98
10824769,1800,200,100
10825081,1356,146,80
10826209,1044,104,70
10826281,1506,164,87
10826449,1806,194,107
10827049,1644,197,77
10827721,1368,150,78
10830289,1800,209,91
10830409,1920,218,102
10831081,1428,162,76
10831489,1764,193,101
10831969,1428,164,74
10832089,1608,180,88
10832161,2040,213,127
10833769,1386,173,58
10834489,2028,215,123
10834849,1308,138,80
10835329,1632,186,86
10835449,1464,165,79
10837129,1536,178,78
10838041,1464,170,74
10838689,1206,138,63
10839889,1674,190,89
10840201,1110,121,64
10840321,1734,194,95
10840369,1422,158,79
10840561,1752,188,104
10841329,1818,215,88
10841401,1308,140,78
10841569,1800,208,92
10842001,1122,133,54
10842049,1602,191,76
10842241,1584,198,66
10842721,1656,200,76
10843681,1512,168,84
10844401,1794,195,104
10845529,1956,212,114
10846081,1248,144,64
10846441,1254,138,71
10846921,1692,195,87
10848049,1398,153,80
10848769,1458,162,81
10848889,1866,217,94
10848961,1704,201,83
10849801,1842,200,107
10850401,1482,156,91
10850809,1542,173,84
10851241,1698,193,90
10851289,1308,160,58
10851409,2148,260,98
10852321,2118,231,122
10852489,2700,336,114
10852921,1224,141,63
10853641,1722,214,73
10853761,1452,178,64
10853809,1710,186,99
10854001,1416,168,68
10854169,1464,175,69
10854601,1722,209,78
10854769,1800,215,85
10855489,1662,195,82
10855681,1632,183,89
10855849,1560,173,87
10857001,1386,145,86
10857289,1182,134,63
10857361,1278,145,68
10858129,1392,157,75
10858849,1554,172,87
10859041,1614,194,75
10859689,1050,123,52
10859881,2190,248,117
10860481,1284,145,69
10860649,1824,218,86
10861489,1800,204,96
10861729,1608,165,103
10862041,1692,198,84
10862161,1986,228,103
10863001,1620,182,88
10863169,1392,166,66
10863409,1770,204,91
10863841,1764,194,100
10864729,1548,186,72
10865761,1056,114,62
10866409,1140,137,53
10866769,1236,135,71
10867921,1338,159,64
10868089,1626,187,84
10868761,1500,167,83
10869289,1464,175,69
10869769,1272,160,52
10869889,2076,229,117
10870129,1632,192,80
10870441,1764,208,86
10870729,1692,209,73
10872241,1308,147,71
10872409,1590,185,80
10872481,1602,182,85
10872649,2046,241,100
10873129,2058,227,116
10873801,1884,210,104
10874761,1716,198,88
10875169,2526,284,137
10875769,1398,167,66
10876441,1470,149,96
10878169,1416,157,79
10878289,2220,252,118
10878529,1278,146,67
10878961,1344,147,77
10880209,1956,223,103
10880689,1266,142,69
10882489,1362,152,75
10882561,2004,227,107
10883569,1770,207,88
10883881,1710,190,95
10884001,2202,270,97
10884241,1368,162,66
10884409,1716,199,87
10886401,1086,126,55
10887241,1446,168,73
10888081,1542,163,94
10888201,1326,153,68
10888609,1716,207,79
10888921,1356,167,59
10889089,1986,218,113
10889929,1716,202,84
10890049,1086,124,57
10890289,1416,160,76
10890769,1968,224,104
10891729,1452,156,86
10892281,1896,218,98
10892449,1794,200,99
10892569,1818,202,101
10893409,1758,194,99
10894321,1332,155,67
10894921,1866,232,79
10895089,2310,270,115
10895809,1944,220,104
10896001,1254,131,78
10896649,1416,166,70
10897321,1398,173,60
10897441,1560,172,88
10897681,1524,186,68
10898449,1368,148,80
10899001,1416,166,70
10899121,1170,127,68
10899169,1890,210,105
10899529,1746,225,66
10899961,1950,222,103
10900369,2040,245,95
10900849,1764,210,84
10901809,1590,181,84
10901881,1602,168,99
10902361,1608,192,76
10902481,2028,244,94
10902721,2004,237,97
10903369,1458,164,79
10903489,990,116,49
10903561,2148,250,108
10903729,1434,168,71
10905049,1446,151,90
10905241,1416,150,86
10905409,1590,183,82
10905889,1500,178,72
10906249,1734,194,95
10906849,2286,263,118
10906921,1602,181,86
10907089,1458,166,77
10907401,2034,242,97
10907569,1848,225,83
10908409,1668,190,88
10908529,1962,252,75
10908769,1554,181,78
10909081,1698,191,92
10909369,1356,154,72
10909441,2604,277,157
10910761,1302,135,82
10910881,1056,125,51
10911601,1644,184,90
10911889,1908,213,105
10911961,1452,169,73
10914961,1368,147,81
10915321,1536,172,84
10916161,1482,170,77
10916641,1350,156,69
10916761,1524,175,79
10916809,1566,188,73
10917169,1710,185,100
10917481,1410,159,76
10917649,1560,175,85
10917769,2034,231,108
10918321,1770,203,92
10918681,1542,174,83
10918849,1656,186,90
10920361,1356,171,55
10920529,1296,143,73
10921969,1446,157,84
10922521,1914,232,87
10922689,1434,154,85
10923361,1842,226,81
10924321,1578,191,72
10925329,1962,232,95
10925881,1614,188,81
10926001,1638,190,83
10926169,1746,210,81
10926241,1788,207,91
10927009,1242,153,54
10927561,1728,192,96
10927849,1926,227,94
10928521,1500,176,74
10928689,1710,186,99
10928761,2130,232,123
10929601,1290,149,66
10930081,2142,245,112
10930369,1476,171,75
10931449,1506,175,76
10931929,1908,223,95
10932289,1974,223,106
10932601,1404,148,86
10932721,2286,258,123
10933729,1734,202,87
10933801,1902,201,116
10933969,1866,219,92
10934641,1404,163,71
10935961,1770,196,99
10936129,2088,244,104
10936489,1398,160,73
10936969,1554,176,83
10937161,1356,154,72
10938649,1518,171,82
10939009,1302,136,81
10939849,1812,211,91
10940329,1200,120,80
10940689,1452,177,65
10941001,1506,159,92
10941121,1116,125,61
10941289,1950,226,99
10941361,1608,178,90
10941841,1536,172,84
10942201,1650,193,82
10943641,1458,169,74
10943689,1668,195,83
10944529,1878,212,101
10944649,1440,165,75
10945369,1974,236,93
10945489,1440,163,77
10946041,1782,198,99
10947049,1248,148,60
10947841,1554,167,92
10947889,1632,196,76
10949089,1908,215,103
10949401,1218,137,66
10949569,1608,196,72
10949761,1284,137,77
10949929,1500,159,91
10950361,1878,212,101
10950529,2040,235,105
10950769,1506,183,68
10951249,1404,152,82
10951609,1884,204,110
10952281,2250,264,111
10952881,1362,158,69
10953289,1710,188,97
10953721,1692,202,80
10953769,1782,211,86
10953889,1314,147,72
10955449,1950,222,103
10955809,2046,223,118
10956289,1470,175,70
10957249,1422,175,62
10957801,1266,147,64
10958329,2214,251,118
10958641,1410,151,84
10958809,1410,156,79
10959649,1584,192,72
10959769,1848,201,107
10960009,1428,167,71
10960441,2052,237,105
10960681,1446,160,81
10960849,1866,214,97
10961161,1770,200,95
10961281,1428,153,85
10961521,1746,199,92
10962529,1962,229,98
10962961,1254,145,64
10963201,1812,212,90
10963369,1734,180,109
10964641,1368,150,78
10964809,1704,207,77
10965049,1332,158,64
10965481,1596,193,73
10966201,1146,145,46
10966489,2052,231,111
10967041,1392,157,75
10967401,1086,127,54
10968049,1248,139,69
10968241,2028,216,122
10968889,1494,158,91
10969561,1548,181,77
10969681,2154,240,119
10969921,1170,130,65
10970569,1272,150,62
10970761,1470,171,74
10970929,2760,334,126
10971601,1476,166,80
10972201,2304,277,107
10973881,1794,207,92
10974121,1608,190,78
10974721,1848,210,98
10975561,1500,172,78
10975609,1614,194,75
10975729,2148,255,103
10975801,1806,210,91
10976569,1890,223,92
10977289,1764,208,86
10977961,1812,214,88
10978129,1884,224,90
10978321,1896,213,103
10978921,1884,210,104
10978969,1440,155,85
10981681,1368,160,68
10981849,1680,189,91
10982281,1878,210,103
10983169,1710,188,97
10983529,1722,203,84
10984849,2166,251,110
10984969,2160,241,119
10985209,1626,184,87
10985641,1596,183,83
10986049,1998,216,117
10986721,1332,152,70
10986889,1422,156,81
10988161,1830,214,91
10988209,1356,160,66
10988401,1338,155,68
10988569,2130,244,111
10989001,1830,210,95
10989241,1488,177,71
10989409,1758,203,90
10989889,1038,108,65
10990081,1500,155,95
10990249,1446,158,83
10990561,1116,134,52
10991089,1734,205,84
10991569,1554,173,86
10992361,1548,179,79
10992529,1662,181,96
10992601,1998,234,99
10994041,1602,182,85
10994209,2256,289,87
10994281,1296,155,61
10994449,1722,188,99
10994881,2274,258,121
10995121,1566,179,82
10995289,2346,256,135
10995601,1800,207,93
10995961,1674,200,79
10996129,1236,141,65
10996441,1074,112,67
10996729,1560,177,83
10996969,1554,176,83
10997449,1734,197,92
10998289,1506,171,80
10998409,2106,245,106
10999321,1710,180,105
10999489,1998,226,107
11000089,1206,128,73
11000761,2196,250,116
11000809,1614,175,94
11000929,1302,139,78
11001169,1470,176,69
11001649,1968,227,101
11001769,1428,152,86
11001841,1686,194,87
11002681,1548,163,95
11003329,1278,148,65
11004289,1560,174,86
11004841,1392,160,72
11005369,1818,210,93
11006521,1332,160,62
11007481,1296,144,72
11007649,1314,140,79
11008489,2142,254,103
11009041,1860,199,111
11009881,1164,135,59
11010409,1482,159,88
11010841,1410,168,67
11011081,1560,157,103
11011921,2304,251,133
11012401,1128,126,62
11013529,2274,293,86
11013601,1260,141,69
11014369,1938,236,87
11014441,1746,209,82
11014921,1206,134,67
11015449,1482,171,76
11016601,1608,179,89
11016769,1506,175,76
11017441,1428,157,81
11017609,2076,244,102
11017801,1422,167,70
11018281,1518,172,81
11018809,1614,177,92
11019121,1302,163,54
11019241,1818,214,89
11020081,1638,192,81
11020129,1572,174,88
11020249,1302,140,77
11020921,1428,167,71
11021809,1986,235,96
11021929,1374,159,70
11022169,1800,199,101
11022841,1458,163,80
11023009,2094,239,110
11025121,1656,178,98
11025169,1338,155,68
11025361,1434,179,60
11026369,1686,195,86
11026969,1710,201,84
11027881,1458,149,94
11028049,1608,179,89
11028481,1464,152,92
11028649,1542,180,77
11029321,1740,202,88
11029561,1290,158,57
11029729,1662,179,98
11030209,1482,169,78
11030401,2034,232,107
11030881,1290,144,71
11031169,1752,210,82
11032081,1698,201,82
11032849,996,104,62
11033521,1758,210,83
11034409,1284,135,79
11035081,1884,211,103
11035201,1218,134,69
11035249,1380,160,70
11036761,1704,196,88
11037121,1956,212,114
11037289,2220,255,115
11037601,1296,146,70
11038609,1554,169,90
11038801,1542,171,86
11038969,2160,249,111
11039449,1848,223,85
11039641,1902,223,94
11040241,1416,153,83
11040481,1464,165,79
11041249,1782,200,97
11041321,1608,177,91
11043001,1590,182,83
11043481,1260,137,73
11044009,1998,231,102
11044321,1506,172,79
11044489,1020,106,64
11044609,1092,120,62
11045161,1662,188,89
11045521,1470,161,84
11046001,1530,180,75
11046121,1770,189,106
11046289,1686,204,77
11047369,1320,160,60
11047849,1974,222,107
11048041,1422,159,78
11048209,1962,221,106
11048689,1542,171,86
11049481,1572,173,89
11049529,1686,191,90
11050201,2094,241,108
11050489,1512,169,83
11050729,1692,185,97
11051329,1626,186,85
11051881,1668,198,80
11052169,2100,261,89
11052241,2196,249,117
11052409,1242,141,66
11052721,1242,145,62
11052841,1656,197,79
11053249,1524,170,84
11053561,1548,169,89
11054401,1236,150,56
11054689,2292,257,125
11054761,1674,207,72
11055529,1140,148,42
11056249,1620,199,71
11057041,1698,195,88
11057209,1170,129,66
11057281,1224,142,62
11057929,1284,155,59
11058601,1776,197,99
11058961,1386,171,60
11059441,1464,161,83
11060809,1914,219,100
11061241,1518,172,81
11061289,1806,205,96
11062969,1668,177,101
11063089,1668,176,102
11063929,1938,227,96
11064601,1308,153,65
11065009,1662,206,71
11065441,1746,202,89
11066281,1956,219,107
11066329,1524,152,102
11068009,2028,235,103
11068201,1014,115,54
11068969,1878,214,99
11069041,1170,141,54
11069881,1110,118,67
11070361,1590,179,86
11070649,1608,200,68
11071321,1284,151,63
11072209,1344,151,73
11073241,1674,190,89
11073889,1620,178,92
11074009,1518,176,77
11074081,1854,198,111
11074561,1320,151,69
11075521,1512,165,87
11076361,2034,238,101
11076529,1500,169,81
11077201,1698,188,95
11077249,1458,167,76
11077441,1944,226,98
11077921,1722,195,92
11078761,1494,169,80
11078929,1074,128,51
11080129,1686,198,83
11080561,2154,252,107
11080969,1260,149,61
11081281,1368,153,75
11081449,1590,187,78
11081641,1794,197,102
11082121,1872,216,96
11082289,1644,195,79
11082961,1704,201,83
11083801,1326,166,55
11084089,1512,164,88
11084929,1866,215,96
11085001,1494,158,91
11085769,2106,240,111
11086609,1710,179,106
11086681,1818,214,89
11086849,1506,167,84
11088529,1998,231,102
11088841,948,114,44
11089009,1896,222,94
11089681,1464,176,68
11090809,1662,196,81
11090881,1332,158,64
11091049,2652,290,152
11091481,1842,204,103
11091529,1440,154,86
11091889,1884,198,116
11092201,1596,183,83
11093041,1956,237,89
11093209,1728,200,88
11093569,1296,149,67
11093881,1896,218,98
11095681,1020,113,57
11096401,1500,180,70
11096521,1812,213,89
11096689,1734,200,89
11097409,1728,211,77
11097769,1098,136,47
11098201,1824,201,103
11098369,2004,229,105
11099281,1488,179,69
11099449,1512,170,82
